               epoch,      train/box_loss,      train/cls_loss,      train/dfl_loss,   metrics/precision,      metrics/recall,     metrics/mAP_0.5,metrics/mAP_0.5:0.95,        val/box_loss,        val/cls_loss,        val/dfl_loss,               x/lr0,               x/lr1,               x/lr2
                   0,              1.4715,              1.5872,              1.4002,             0.73455,             0.63011,             0.68516,             0.40955,              1.3906,              1.0812,              1.3818,            0.070076,           0.0033249,           0.0033249
                   1,              1.4546,              1.2226,              1.3863,             0.73322,             0.60689,              0.6708,             0.40018,              1.4317,              1.1085,              1.4093,            0.038758,           0.0053399,           0.0053399
                   2,              1.4764,              1.2488,              1.4195,             0.74025,             0.60468,             0.65547,             0.37643,              1.4873,              1.1084,              1.4721,           0.0061197,           0.0060349,           0.0060349
                   3,              1.4901,              1.2556,              1.4203,              0.7449,              0.6012,             0.66708,              0.3864,              1.4803,              1.0982,              1.4564,             0.00406,             0.00406,             0.00406
                   4,               1.518,              1.2948,              1.4557,             0.72542,             0.60115,             0.65777,                0.38,              1.4928,              1.1247,              1.4803,             0.00406,             0.00406,             0.00406
